genreid,visitors
Asian_2017-04-23,84
Asian_2017-04-24,59
Asian_2017-04-25,59
Asian_2017-04-26,33
Asian_2017-04-27,64
Asian_2017-04-28,74
Asian_2017-04-29,81
Asian_2017-04-30,84
Asian_2017-05-01,58
Asian_2017-05-02,58
Asian_2017-05-03,33
Asian_2017-05-04,64
Asian_2017-05-05,74
Asian_2017-05-06,80
Asian_2017-05-07,84
Asian_2017-05-08,58
Asian_2017-05-09,58
Asian_2017-05-10,32
Asian_2017-05-11,64
Asian_2017-05-12,74
Asian_2017-05-13,80
Asian_2017-05-14,84
Asian_2017-05-15,58
Asian_2017-05-16,58
Asian_2017-05-17,33
Asian_2017-05-18,65
Asian_2017-05-19,74
Asian_2017-05-20,81
Asian_2017-05-21,84
Asian_2017-05-22,59
Asian_2017-05-23,59
Asian_2017-05-24,33
Asian_2017-05-25,65
Asian_2017-05-26,73
Asian_2017-05-27,81
Asian_2017-05-28,84
Asian_2017-05-29,59
Asian_2017-05-30,59
Asian_2017-05-31,33
Bar/Cocktail_2017-04-23,1071
Bar/Cocktail_2017-04-24,629
Bar/Cocktail_2017-04-25,783
Bar/Cocktail_2017-04-26,782
Bar/Cocktail_2017-04-27,778
Bar/Cocktail_2017-04-28,962
Bar/Cocktail_2017-04-29,1305
Bar/Cocktail_2017-04-30,1048
Bar/Cocktail_2017-05-01,617
Bar/Cocktail_2017-05-02,769
Bar/Cocktail_2017-05-03,787
Bar/Cocktail_2017-05-04,790
Bar/Cocktail_2017-05-05,971
Bar/Cocktail_2017-05-06,1286
Bar/Cocktail_2017-05-07,1046
Bar/Cocktail_2017-05-08,623
Bar/Cocktail_2017-05-09,768
Bar/Cocktail_2017-05-10,759
Bar/Cocktail_2017-05-11,762
Bar/Cocktail_2017-05-12,929
Bar/Cocktail_2017-05-13,1270
Bar/Cocktail_2017-05-14,1046
Bar/Cocktail_2017-05-15,619
Bar/Cocktail_2017-05-16,772
Bar/Cocktail_2017-05-17,765
Bar/Cocktail_2017-05-18,768
Bar/Cocktail_2017-05-19,939
Bar/Cocktail_2017-05-20,1289
Bar/Cocktail_2017-05-21,1048
Bar/Cocktail_2017-05-22,627
Bar/Cocktail_2017-05-23,781
Bar/Cocktail_2017-05-24,771
Bar/Cocktail_2017-05-25,773
Bar/Cocktail_2017-05-26,930
Bar/Cocktail_2017-05-27,1288
Bar/Cocktail_2017-05-28,1054
Bar/Cocktail_2017-05-29,627
Bar/Cocktail_2017-05-30,781
Bar/Cocktail_2017-05-31,773
Cafe/Sweets_2017-04-23,4234
Cafe/Sweets_2017-04-24,2950
Cafe/Sweets_2017-04-25,2935
Cafe/Sweets_2017-04-26,3138
Cafe/Sweets_2017-04-27,3258
Cafe/Sweets_2017-04-28,3321
Cafe/Sweets_2017-04-29,4570
Cafe/Sweets_2017-04-30,4246
Cafe/Sweets_2017-05-01,2885
Cafe/Sweets_2017-05-02,2898
Cafe/Sweets_2017-05-03,3171
Cafe/Sweets_2017-05-04,3269
Cafe/Sweets_2017-05-05,3327
Cafe/Sweets_2017-05-06,4518
Cafe/Sweets_2017-05-07,4209
Cafe/Sweets_2017-05-08,2887
Cafe/Sweets_2017-05-09,2872
Cafe/Sweets_2017-05-10,3088
Cafe/Sweets_2017-05-11,3194
Cafe/Sweets_2017-05-12,3244
Cafe/Sweets_2017-05-13,4502
Cafe/Sweets_2017-05-14,4204
Cafe/Sweets_2017-05-15,2894
Cafe/Sweets_2017-05-16,2889
Cafe/Sweets_2017-05-17,3128
Cafe/Sweets_2017-05-18,3222
Cafe/Sweets_2017-05-19,3272
Cafe/Sweets_2017-05-20,4544
Cafe/Sweets_2017-05-21,4225
Cafe/Sweets_2017-05-22,2929
Cafe/Sweets_2017-05-23,2922
Cafe/Sweets_2017-05-24,3132
Cafe/Sweets_2017-05-25,3228
Cafe/Sweets_2017-05-26,3244
Cafe/Sweets_2017-05-27,4541
Cafe/Sweets_2017-05-28,4225
Cafe/Sweets_2017-05-29,2929
Cafe/Sweets_2017-05-30,2922
Cafe/Sweets_2017-05-31,3139
Creative cuisine_2017-04-23,324
Creative cuisine_2017-04-24,234
Creative cuisine_2017-04-25,250
Creative cuisine_2017-04-26,248
Creative cuisine_2017-04-27,265
Creative cuisine_2017-04-28,325
Creative cuisine_2017-04-29,381
Creative cuisine_2017-04-30,324
Creative cuisine_2017-05-01,224
Creative cuisine_2017-05-02,240
Creative cuisine_2017-05-03,238
Creative cuisine_2017-05-04,263
Creative cuisine_2017-05-05,318
Creative cuisine_2017-05-06,371
Creative cuisine_2017-05-07,323
Creative cuisine_2017-05-08,224
Creative cuisine_2017-05-09,229
Creative cuisine_2017-05-10,226
Creative cuisine_2017-05-11,256
Creative cuisine_2017-05-12,313
Creative cuisine_2017-05-13,370
Creative cuisine_2017-05-14,323
Creative cuisine_2017-05-15,225
Creative cuisine_2017-05-16,231
Creative cuisine_2017-05-17,229
Creative cuisine_2017-05-18,259
Creative cuisine_2017-05-19,314
Creative cuisine_2017-05-20,380
Creative cuisine_2017-05-21,324
Creative cuisine_2017-05-22,228
Creative cuisine_2017-05-23,234
Creative cuisine_2017-05-24,230
Creative cuisine_2017-05-25,258
Creative cuisine_2017-05-26,313
Creative cuisine_2017-05-27,373
Creative cuisine_2017-05-28,324
Creative cuisine_2017-05-29,228
Creative cuisine_2017-05-30,234
Creative cuisine_2017-05-31,230
Dining bar_2017-04-23,1720
Dining bar_2017-04-24,1291
Dining bar_2017-04-25,1408
Dining bar_2017-04-26,1587
Dining bar_2017-04-27,1606
Dining bar_2017-04-28,2049
Dining bar_2017-04-29,2380
Dining bar_2017-04-30,1691
Dining bar_2017-05-01,1273
Dining bar_2017-05-02,1362
Dining bar_2017-05-03,1590
Dining bar_2017-05-04,1579
Dining bar_2017-05-05,2009
Dining bar_2017-05-06,2307
Dining bar_2017-05-07,1678
Dining bar_2017-05-08,1277
Dining bar_2017-05-09,1331
Dining bar_2017-05-10,1523
Dining bar_2017-05-11,1535
Dining bar_2017-05-12,1999
Dining bar_2017-05-13,2248
Dining bar_2017-05-14,1669
Dining bar_2017-05-15,1243
Dining bar_2017-05-16,1363
Dining bar_2017-05-17,1514
Dining bar_2017-05-18,1582
Dining bar_2017-05-19,1977
Dining bar_2017-05-20,2309
Dining bar_2017-05-21,1680
Dining bar_2017-05-22,1257
Dining bar_2017-05-23,1355
Dining bar_2017-05-24,1520
Dining bar_2017-05-25,1527
Dining bar_2017-05-26,1988
Dining bar_2017-05-27,2329
Dining bar_2017-05-28,1675
Dining bar_2017-05-29,1263
Dining bar_2017-05-30,1355
Dining bar_2017-05-31,1523
International cuisine_2017-04-23,68
International cuisine_2017-04-24,28
International cuisine_2017-04-25,32
International cuisine_2017-04-26,31
International cuisine_2017-04-27,35
International cuisine_2017-04-28,43
International cuisine_2017-04-29,77
International cuisine_2017-04-30,68
International cuisine_2017-05-01,28
International cuisine_2017-05-02,32
International cuisine_2017-05-03,31
International cuisine_2017-05-04,35
International cuisine_2017-05-05,43
International cuisine_2017-05-06,76
International cuisine_2017-05-07,67
International cuisine_2017-05-08,28
International cuisine_2017-05-09,32
International cuisine_2017-05-10,30
International cuisine_2017-05-11,34
International cuisine_2017-05-12,43
International cuisine_2017-05-13,76
International cuisine_2017-05-14,67
International cuisine_2017-05-15,28
International cuisine_2017-05-16,32
International cuisine_2017-05-17,30
International cuisine_2017-05-18,34
International cuisine_2017-05-19,43
International cuisine_2017-05-20,77
International cuisine_2017-05-21,68
International cuisine_2017-05-22,28
International cuisine_2017-05-23,32
International cuisine_2017-05-24,31
International cuisine_2017-05-25,35
International cuisine_2017-05-26,42
International cuisine_2017-05-27,77
International cuisine_2017-05-28,68
International cuisine_2017-05-29,28
International cuisine_2017-05-30,32
International cuisine_2017-05-31,31
Italian/French_2017-04-23,1994
Italian/French_2017-04-24,1687
Italian/French_2017-04-25,1866
Italian/French_2017-04-26,2020
Italian/French_2017-04-27,2015
Italian/French_2017-04-28,2565
Italian/French_2017-04-29,2608
Italian/French_2017-04-30,1996
Italian/French_2017-05-01,1614
Italian/French_2017-05-02,1789
Italian/French_2017-05-03,2054
Italian/French_2017-05-04,2038
Italian/French_2017-05-05,2531
Italian/French_2017-05-06,2581
Italian/French_2017-05-07,1918
Italian/French_2017-05-08,1616
Italian/French_2017-05-09,1765
Italian/French_2017-05-10,1918
Italian/French_2017-05-11,1938
Italian/French_2017-05-12,2451
Italian/French_2017-05-13,2557
Italian/French_2017-05-14,1940
Italian/French_2017-05-15,1631
Italian/French_2017-05-16,1764
Italian/French_2017-05-17,1961
Italian/French_2017-05-18,1933
Italian/French_2017-05-19,2499
Italian/French_2017-05-20,2570
Italian/French_2017-05-21,1978
Italian/French_2017-05-22,1636
Italian/French_2017-05-23,1781
Italian/French_2017-05-24,1929
Italian/French_2017-05-25,1921
Italian/French_2017-05-26,2449
Italian/French_2017-05-27,2588
Italian/French_2017-05-28,1944
Italian/French_2017-05-29,1613
Italian/French_2017-05-30,1776
Italian/French_2017-05-31,1936
Izakaya_2017-04-23,3614
Izakaya_2017-04-24,3166
Izakaya_2017-04-25,3500
Izakaya_2017-04-26,3787
Izakaya_2017-04-27,3663
Izakaya_2017-04-28,5352
Izakaya_2017-04-29,5268
Izakaya_2017-04-30,3595
Izakaya_2017-05-01,3021
Izakaya_2017-05-02,3349
Izakaya_2017-05-03,3735
Izakaya_2017-05-04,3591
Izakaya_2017-05-05,5149
Izakaya_2017-05-06,5124
Izakaya_2017-05-07,3509
Izakaya_2017-05-08,3004
Izakaya_2017-05-09,3208
Izakaya_2017-05-10,3620
Izakaya_2017-05-11,3451
Izakaya_2017-05-12,5076
Izakaya_2017-05-13,5105
Izakaya_2017-05-14,3516
Izakaya_2017-05-15,2984
Izakaya_2017-05-16,3235
Izakaya_2017-05-17,3635
Izakaya_2017-05-18,3453
Izakaya_2017-05-19,5055
Izakaya_2017-05-20,5128
Izakaya_2017-05-21,3537
Izakaya_2017-05-22,3010
Izakaya_2017-05-23,3273
Izakaya_2017-05-24,3634
Izakaya_2017-05-25,3447
Izakaya_2017-05-26,5016
Izakaya_2017-05-27,5117
Izakaya_2017-05-28,3524
Izakaya_2017-05-29,3010
Izakaya_2017-05-30,3264
Izakaya_2017-05-31,3635
Japanese food_2017-04-23,946
Japanese food_2017-04-24,907
Japanese food_2017-04-25,946
Japanese food_2017-04-26,1089
Japanese food_2017-04-27,1080
Japanese food_2017-04-28,1263
Japanese food_2017-04-29,1312
Japanese food_2017-04-30,942
Japanese food_2017-05-01,869
Japanese food_2017-05-02,910
Japanese food_2017-05-03,1061
Japanese food_2017-05-04,1075
Japanese food_2017-05-05,1237
Japanese food_2017-05-06,1288
Japanese food_2017-05-07,932
Japanese food_2017-05-08,859
Japanese food_2017-05-09,900
Japanese food_2017-05-10,1052
Japanese food_2017-05-11,1035
Japanese food_2017-05-12,1221
Japanese food_2017-05-13,1301
Japanese food_2017-05-14,931
Japanese food_2017-05-15,858
Japanese food_2017-05-16,900
Japanese food_2017-05-17,1044
Japanese food_2017-05-18,1032
Japanese food_2017-05-19,1241
Japanese food_2017-05-20,1286
Japanese food_2017-05-21,929
Japanese food_2017-05-22,866
Japanese food_2017-05-23,915
Japanese food_2017-05-24,1042
Japanese food_2017-05-25,1050
Japanese food_2017-05-26,1201
Japanese food_2017-05-27,1309
Japanese food_2017-05-28,931
Japanese food_2017-05-29,866
Japanese food_2017-05-30,910
Japanese food_2017-05-31,1050
Karaoke/Party_2017-04-23,97
Karaoke/Party_2017-04-24,24
Karaoke/Party_2017-04-25,27
Karaoke/Party_2017-04-26,32
Karaoke/Party_2017-04-27,30
Karaoke/Party_2017-04-28,31
Karaoke/Party_2017-04-29,73
Karaoke/Party_2017-04-30,97
Karaoke/Party_2017-05-01,24
Karaoke/Party_2017-05-02,27
Karaoke/Party_2017-05-03,34
Karaoke/Party_2017-05-04,31
Karaoke/Party_2017-05-05,32
Karaoke/Party_2017-05-06,81
Karaoke/Party_2017-05-07,97
Karaoke/Party_2017-05-08,24
Karaoke/Party_2017-05-09,27
Karaoke/Party_2017-05-10,32
Karaoke/Party_2017-05-11,30
Karaoke/Party_2017-05-12,31
Karaoke/Party_2017-05-13,81
Karaoke/Party_2017-05-14,97
Karaoke/Party_2017-05-15,24
Karaoke/Party_2017-05-16,27
Karaoke/Party_2017-05-17,32
Karaoke/Party_2017-05-18,30
Karaoke/Party_2017-05-19,31
Karaoke/Party_2017-05-20,81
Karaoke/Party_2017-05-21,97
Karaoke/Party_2017-05-22,24
Karaoke/Party_2017-05-23,27
Karaoke/Party_2017-05-24,32
Karaoke/Party_2017-05-25,30
Karaoke/Party_2017-05-26,31
Karaoke/Party_2017-05-27,81
Karaoke/Party_2017-05-28,97
Karaoke/Party_2017-05-29,24
Karaoke/Party_2017-05-30,27
Karaoke/Party_2017-05-31,32
Okonomiyaki/Monja/Teppanyaki_2017-04-23,337
Okonomiyaki/Monja/Teppanyaki_2017-04-24,321
Okonomiyaki/Monja/Teppanyaki_2017-04-25,306
Okonomiyaki/Monja/Teppanyaki_2017-04-26,334
Okonomiyaki/Monja/Teppanyaki_2017-04-27,339
Okonomiyaki/Monja/Teppanyaki_2017-04-28,382
Okonomiyaki/Monja/Teppanyaki_2017-04-29,445
Okonomiyaki/Monja/Teppanyaki_2017-04-30,332
Okonomiyaki/Monja/Teppanyaki_2017-05-01,281
Okonomiyaki/Monja/Teppanyaki_2017-05-02,313
Okonomiyaki/Monja/Teppanyaki_2017-05-03,333
Okonomiyaki/Monja/Teppanyaki_2017-05-04,336
Okonomiyaki/Monja/Teppanyaki_2017-05-05,366
Okonomiyaki/Monja/Teppanyaki_2017-05-06,436
Okonomiyaki/Monja/Teppanyaki_2017-05-07,325
Okonomiyaki/Monja/Teppanyaki_2017-05-08,285
Okonomiyaki/Monja/Teppanyaki_2017-05-09,303
Okonomiyaki/Monja/Teppanyaki_2017-05-10,309
Okonomiyaki/Monja/Teppanyaki_2017-05-11,323
Okonomiyaki/Monja/Teppanyaki_2017-05-12,362
Okonomiyaki/Monja/Teppanyaki_2017-05-13,430
Okonomiyaki/Monja/Teppanyaki_2017-05-14,326
Okonomiyaki/Monja/Teppanyaki_2017-05-15,282
Okonomiyaki/Monja/Teppanyaki_2017-05-16,299
Okonomiyaki/Monja/Teppanyaki_2017-05-17,312
Okonomiyaki/Monja/Teppanyaki_2017-05-18,325
Okonomiyaki/Monja/Teppanyaki_2017-05-19,365
Okonomiyaki/Monja/Teppanyaki_2017-05-20,431
Okonomiyaki/Monja/Teppanyaki_2017-05-21,327
Okonomiyaki/Monja/Teppanyaki_2017-05-22,285
Okonomiyaki/Monja/Teppanyaki_2017-05-23,321
Okonomiyaki/Monja/Teppanyaki_2017-05-24,312
Okonomiyaki/Monja/Teppanyaki_2017-05-25,323
Okonomiyaki/Monja/Teppanyaki_2017-05-26,365
Okonomiyaki/Monja/Teppanyaki_2017-05-27,431
Okonomiyaki/Monja/Teppanyaki_2017-05-28,327
Okonomiyaki/Monja/Teppanyaki_2017-05-29,285
Okonomiyaki/Monja/Teppanyaki_2017-05-30,302
Okonomiyaki/Monja/Teppanyaki_2017-05-31,313
Other_2017-04-23,456
Other_2017-04-24,379
Other_2017-04-25,418
Other_2017-04-26,412
Other_2017-04-27,458
Other_2017-04-28,488
Other_2017-04-29,629
Other_2017-04-30,460
Other_2017-05-01,373
Other_2017-05-02,408
Other_2017-05-03,412
Other_2017-05-04,458
Other_2017-05-05,482
Other_2017-05-06,616
Other_2017-05-07,453
Other_2017-05-08,373
Other_2017-05-09,407
Other_2017-05-10,405
Other_2017-05-11,450
Other_2017-05-12,474
Other_2017-05-13,610
Other_2017-05-14,453
Other_2017-05-15,374
Other_2017-05-16,409
Other_2017-05-17,410
Other_2017-05-18,451
Other_2017-05-19,481
Other_2017-05-20,629
Other_2017-05-21,456
Other_2017-05-22,379
Other_2017-05-23,414
Other_2017-05-24,411
Other_2017-05-25,451
Other_2017-05-26,476
Other_2017-05-27,621
Other_2017-05-28,456
Other_2017-05-29,379
Other_2017-05-30,414
Other_2017-05-31,413
Western food_2017-04-23,298
Western food_2017-04-24,247
Western food_2017-04-25,297
Western food_2017-04-26,316
Western food_2017-04-27,280
Western food_2017-04-28,378
Western food_2017-04-29,385
Western food_2017-04-30,298
Western food_2017-05-01,233
Western food_2017-05-02,284
Western food_2017-05-03,307
Western food_2017-05-04,277
Western food_2017-05-05,378
Western food_2017-05-06,358
Western food_2017-05-07,290
Western food_2017-05-08,237
Western food_2017-05-09,281
Western food_2017-05-10,310
Western food_2017-05-11,270
Western food_2017-05-12,352
Western food_2017-05-13,377
Western food_2017-05-14,287
Western food_2017-05-15,234
Western food_2017-05-16,281
Western food_2017-05-17,310
Western food_2017-05-18,283
Western food_2017-05-19,366
Western food_2017-05-20,358
Western food_2017-05-21,302
Western food_2017-05-22,237
Western food_2017-05-23,287
Western food_2017-05-24,313
Western food_2017-05-25,274
Western food_2017-05-26,342
Western food_2017-05-27,358
Western food_2017-05-28,290
Western food_2017-05-29,246
Western food_2017-05-30,284
Western food_2017-05-31,304
Yakiniku/Korean food_2017-04-23,422
Yakiniku/Korean food_2017-04-24,341
Yakiniku/Korean food_2017-04-25,378
Yakiniku/Korean food_2017-04-26,424
Yakiniku/Korean food_2017-04-27,417
Yakiniku/Korean food_2017-04-28,610
Yakiniku/Korean food_2017-04-29,550
Yakiniku/Korean food_2017-04-30,421
Yakiniku/Korean food_2017-05-01,332
Yakiniku/Korean food_2017-05-02,362
Yakiniku/Korean food_2017-05-03,430
Yakiniku/Korean food_2017-05-04,406
Yakiniku/Korean food_2017-05-05,573
Yakiniku/Korean food_2017-05-06,522
Yakiniku/Korean food_2017-05-07,417
Yakiniku/Korean food_2017-05-08,334
Yakiniku/Korean food_2017-05-09,349
Yakiniku/Korean food_2017-05-10,399
Yakiniku/Korean food_2017-05-11,390
Yakiniku/Korean food_2017-05-12,556
Yakiniku/Korean food_2017-05-13,531
Yakiniku/Korean food_2017-05-14,407
Yakiniku/Korean food_2017-05-15,332
Yakiniku/Korean food_2017-05-16,351
Yakiniku/Korean food_2017-05-17,406
Yakiniku/Korean food_2017-05-18,393
Yakiniku/Korean food_2017-05-19,562
Yakiniku/Korean food_2017-05-20,526
Yakiniku/Korean food_2017-05-21,412
Yakiniku/Korean food_2017-05-22,335
Yakiniku/Korean food_2017-05-23,356
Yakiniku/Korean food_2017-05-24,403
Yakiniku/Korean food_2017-05-25,393
Yakiniku/Korean food_2017-05-26,563
Yakiniku/Korean food_2017-05-27,526
Yakiniku/Korean food_2017-05-28,442
Yakiniku/Korean food_2017-05-29,335
Yakiniku/Korean food_2017-05-30,356
Yakiniku/Korean food_2017-05-31,404
